Category,Resume
Data Scientist,"Data Scientist with experience in NLP, Machine Learning, Statistics, NumPy"
Data Scientist,"Data Scientist with experience in Pandas, Python, Statistics, Machine Learning"
Data Scientist,"Data Scientist with experience in Statistics, SQL, NumPy, Python"
Data Scientist,"Data Scientist with experience in NLP, SQL, Machine Learning, NumPy"
Data Scientist,"Data Scientist with experience in Pandas, NLP, Machine Learning, SQL"
Data Scientist,"Data Scientist with experience in Pandas, SQL, Machine Learning, Statistics"
Data Scientist,"Data Scientist with experience in SQL, NLP, Statistics, NumPy"
Data Scientist,"Data Scientist with experience in Python, NumPy, Statistics, SQL"
Data Scientist,"Data Scientist with experience in Pandas, NLP, Python, NumPy"
Data Scientist,"Data Scientist with experience in Python, NLP, Statistics, NumPy"
Data Scientist,"Data Scientist with experience in Statistics, NumPy, Machine Learning, Python"
Data Scientist,"Data Scientist with experience in Python, SQL, NumPy, Pandas"
Data Scientist,"Data Scientist with experience in SQL, NLP, Pandas, NumPy"
Data Scientist,"Data Scientist with experience in Python, Pandas, NumPy, NLP"
Data Scientist,"Data Scientist with experience in Statistics, NumPy, Python, NLP"
Data Scientist,"Data Scientist with experience in Machine Learning, Pandas, NLP, SQL"
Data Scientist,"Data Scientist with experience in Machine Learning, NLP, Pandas, SQL"
Data Scientist,"Data Scientist with experience in Python, SQL, Statistics, Pandas"
Data Scientist,"Data Scientist with experience in Statistics, Machine Learning, SQL, NLP"
Data Scientist,"Data Scientist with experience in Machine Learning, NumPy, NLP, Python"
Data Scientist,"Data Scientist with experience in Pandas, NLP, Machine Learning, Python"
Data Scientist,"Data Scientist with experience in Python, Pandas, Statistics, NumPy"
Data Scientist,"Data Scientist with experience in Statistics, NumPy, SQL, Machine Learning"
Data Scientist,"Data Scientist with experience in SQL, Statistics, Machine Learning, NLP"
Data Scientist,"Data Scientist with experience in Statistics, SQL, NLP, Pandas"
Data Scientist,"Data Scientist with experience in Statistics, NumPy, SQL, Machine Learning"
Data Scientist,"Data Scientist with experience in Pandas, NLP, Statistics, SQL"
Data Scientist,"Data Scientist with experience in SQL, Python, Pandas, NLP"
Data Scientist,"Data Scientist with experience in SQL, Pandas, Statistics, Machine Learning"
Data Scientist,"Data Scientist with experience in SQL, Python, Statistics, NLP"
Data Scientist,"Data Scientist with experience in Pandas, Machine Learning, NumPy, Statistics"
Data Scientist,"Data Scientist with experience in Python, Pandas, Statistics, NLP"
Data Scientist,"Data Scientist with experience in Python, Machine Learning, NumPy, Statistics"
Data Scientist,"Data Scientist with experience in NumPy, Pandas, Machine Learning, SQL"
Data Scientist,"Data Scientist with experience in Pandas, Statistics, Python, NLP"
Data Scientist,"Data Scientist with experience in Statistics, Python, Pandas, NLP"
Data Scientist,"Data Scientist with experience in Machine Learning, NLP, SQL, NumPy"
Data Scientist,"Data Scientist with experience in Pandas, NLP, NumPy, Statistics"
Data Scientist,"Data Scientist with experience in Machine Learning, NLP, NumPy, Python"
Data Scientist,"Data Scientist with experience in Statistics, Pandas, SQL, Machine Learning"
Data Scientist,"Data Scientist with experience in Machine Learning, NumPy, Pandas, Statistics"
Data Scientist,"Data Scientist with experience in Pandas, Python, SQL, NLP"
Data Scientist,"Data Scientist with experience in Python, NumPy, Pandas, Machine Learning"
Data Scientist,"Data Scientist with experience in SQL, Pandas, NLP, NumPy"
Data Scientist,"Data Scientist with experience in Pandas, Machine Learning, Python, SQL"
Data Scientist,"Data Scientist with experience in NumPy, Statistics, Machine Learning, SQL"
Data Scientist,"Data Scientist with experience in Pandas, Python, NumPy, Statistics"
Data Scientist,"Data Scientist with experience in NumPy, SQL, Python, NLP"
Data Scientist,"Data Scientist with experience in Machine Learning, Statistics, Python, SQL"
Data Scientist,"Data Scientist with experience in Statistics, SQL, NLP, Pandas"
Data Scientist,"Data Scientist with experience in Machine Learning, Python, NLP, NumPy"
Data Scientist,"Data Scientist with experience in Statistics, NumPy, SQL, Machine Learning"
Data Scientist,"Data Scientist with experience in Python, SQL, Statistics, NumPy"
Data Scientist,"Data Scientist with experience in NLP, Statistics, NumPy, SQL"
Data Scientist,"Data Scientist with experience in Python, Statistics, Machine Learning, NLP"
Data Scientist,"Data Scientist with experience in NLP, Python, NumPy, Statistics"
Data Scientist,"Data Scientist with experience in Python, NLP, Machine Learning, Pandas"
Data Scientist,"Data Scientist with experience in NLP, SQL, Statistics, Pandas"
Data Scientist,"Data Scientist with experience in SQL, NLP, NumPy, Pandas"
Data Scientist,"Data Scientist with experience in Statistics, SQL, NLP, Machine Learning"
Data Scientist,"Data Scientist with experience in Python, NLP, SQL, NumPy"
Data Scientist,"Data Scientist with experience in NumPy, SQL, NLP, Python"
Data Scientist,"Data Scientist with experience in NLP, Statistics, Machine Learning, Python"
Data Scientist,"Data Scientist with experience in Machine Learning, NLP, Statistics, SQL"
Data Scientist,"Data Scientist with experience in Machine Learning, Statistics, Pandas, NLP"
Data Scientist,"Data Scientist with experience in SQL, NLP, Pandas, NumPy"
Data Scientist,"Data Scientist with experience in NumPy, Machine Learning, Python, NLP"
Data Scientist,"Data Scientist with experience in Pandas, Python, Machine Learning, SQL"
Data Scientist,"Data Scientist with experience in Python, Pandas, NLP, Statistics"
Data Scientist,"Data Scientist with experience in Statistics, Machine Learning, NumPy, SQL"
Data Scientist,"Data Scientist with experience in Machine Learning, SQL, NLP, Pandas"
Data Scientist,"Data Scientist with experience in Pandas, Machine Learning, SQL, Statistics"
Data Scientist,"Data Scientist with experience in NumPy, Machine Learning, Statistics, SQL"
Data Scientist,"Data Scientist with experience in NumPy, Machine Learning, Pandas, Statistics"
Data Scientist,"Data Scientist with experience in Pandas, Statistics, Python, NumPy"
Data Scientist,"Data Scientist with experience in SQL, Python, Machine Learning, Statistics"
Data Scientist,"Data Scientist with experience in Python, NumPy, Machine Learning, Statistics"
Data Scientist,"Data Scientist with experience in NumPy, Python, Machine Learning, SQL"
Data Scientist,"Data Scientist with experience in Pandas, NLP, Python, SQL"
Data Scientist,"Data Scientist with experience in Statistics, NLP, Machine Learning, SQL"
Data Scientist,"Data Scientist with experience in Python, Machine Learning, Pandas, NumPy"
Data Scientist,"Data Scientist with experience in Pandas, NLP, NumPy, Statistics"
Data Scientist,"Data Scientist with experience in Pandas, Machine Learning, NLP, Statistics"
Data Scientist,"Data Scientist with experience in Python, Machine Learning, Statistics, Pandas"
Data Scientist,"Data Scientist with experience in NLP, Machine Learning, Statistics, SQL"
Data Scientist,"Data Scientist with experience in Python, Statistics, Pandas, NLP"
Data Scientist,"Data Scientist with experience in Pandas, NLP, Python, SQL"
Data Scientist,"Data Scientist with experience in Statistics, NumPy, NLP, Python"
Data Scientist,"Data Scientist with experience in SQL, NumPy, Statistics, NLP"
Data Scientist,"Data Scientist with experience in NumPy, Python, SQL, Pandas"
Data Scientist,"Data Scientist with experience in Pandas, NLP, Python, NumPy"
Data Scientist,"Data Scientist with experience in NumPy, Python, SQL, NLP"
Data Scientist,"Data Scientist with experience in NLP, Pandas, Python, Statistics"
Data Scientist,"Data Scientist with experience in NumPy, Statistics, Pandas, Python"
Data Scientist,"Data Scientist with experience in SQL, Pandas, NumPy, Python"
Data Scientist,"Data Scientist with experience in NumPy, NLP, Statistics, Python"
Data Scientist,"Data Scientist with experience in Machine Learning, SQL, Statistics, NumPy"
Data Scientist,"Data Scientist with experience in Statistics, Pandas, NLP, SQL"
Data Scientist,"Data Scientist with experience in SQL, Statistics, Python, NLP"
Data Scientist,"Data Scientist with experience in Pandas, Python, Machine Learning, Statistics"
Data Scientist,"Data Scientist with experience in Pandas, Machine Learning, NumPy, Statistics"
Data Scientist,"Data Scientist with experience in Python, NLP, Pandas, SQL"
Data Scientist,"Data Scientist with experience in Machine Learning, NumPy, Pandas, NLP"
Data Scientist,"Data Scientist with experience in Python, Machine Learning, Statistics, NLP"
Data Scientist,"Data Scientist with experience in Machine Learning, SQL, Python, NLP"
Data Scientist,"Data Scientist with experience in Pandas, NumPy, Machine Learning, SQL"
Data Scientist,"Data Scientist with experience in Machine Learning, NLP, Statistics, SQL"
Data Scientist,"Data Scientist with experience in NLP, Pandas, NumPy, Python"
Data Scientist,"Data Scientist with experience in NLP, NumPy, Pandas, Python"
Data Scientist,"Data Scientist with experience in Python, Statistics, Pandas, NLP"
Data Scientist,"Data Scientist with experience in Statistics, NLP, Pandas, SQL"
Data Scientist,"Data Scientist with experience in Python, NumPy, Pandas, Machine Learning"
Data Scientist,"Data Scientist with experience in SQL, Python, NumPy, NLP"
Data Scientist,"Data Scientist with experience in NumPy, Statistics, NLP, Python"
Data Scientist,"Data Scientist with experience in NLP, Statistics, SQL, Pandas"
Data Scientist,"Data Scientist with experience in SQL, NumPy, Python, Statistics"
Data Scientist,"Data Scientist with experience in NumPy, Statistics, SQL, Pandas"
Data Scientist,"Data Scientist with experience in Python, Pandas, Machine Learning, NLP"
Data Scientist,"Data Scientist with experience in NLP, Statistics, Pandas, NumPy"
Data Scientist,"Data Scientist with experience in Machine Learning, Python, Statistics, NLP"
Data Scientist,"Data Scientist with experience in Pandas, NLP, Statistics, NumPy"
Data Scientist,"Data Scientist with experience in Machine Learning, NLP, SQL, NumPy"
Data Scientist,"Data Scientist with experience in SQL, NumPy, NLP, Machine Learning"
Data Scientist,"Data Scientist with experience in Statistics, NumPy, Pandas, Python"
Data Scientist,"Data Scientist with experience in Pandas, SQL, Machine Learning, NLP"
Data Scientist,"Data Scientist with experience in NLP, SQL, NumPy, Statistics"
Data Scientist,"Data Scientist with experience in Pandas, SQL, Statistics, Python"
Data Scientist,"Data Scientist with experience in Python, NumPy, Statistics, Machine Learning"
Data Scientist,"Data Scientist with experience in SQL, NLP, NumPy, Statistics"
Data Scientist,"Data Scientist with experience in Statistics, SQL, Pandas, NumPy"
Data Scientist,"Data Scientist with experience in SQL, NumPy, NLP, Python"
Data Scientist,"Data Scientist with experience in Python, NumPy, Pandas, NLP"
Data Scientist,"Data Scientist with experience in Pandas, Python, Statistics, Machine Learning"
Data Scientist,"Data Scientist with experience in Pandas, NumPy, NLP, SQL"
Data Scientist,"Data Scientist with experience in NLP, Machine Learning, SQL, Python"
Data Scientist,"Data Scientist with experience in Statistics, Pandas, NLP, Python"
Data Scientist,"Data Scientist with experience in Statistics, NumPy, Machine Learning, NLP"
Data Scientist,"Data Scientist with experience in NLP, Python, NumPy, Pandas"
Data Scientist,"Data Scientist with experience in SQL, Statistics, Python, NLP"
Data Scientist,"Data Scientist with experience in NLP, Python, Machine Learning, NumPy"
Data Scientist,"Data Scientist with experience in NLP, Python, NumPy, SQL"
Data Scientist,"Data Scientist with experience in Statistics, NLP, Python, Pandas"
Data Scientist,"Data Scientist with experience in Python, Statistics, SQL, Machine Learning"
Data Scientist,"Data Scientist with experience in Machine Learning, Statistics, Pandas, Python"
Data Scientist,"Data Scientist with experience in Pandas, Machine Learning, NumPy, Python"
Data Scientist,"Data Scientist with experience in Pandas, NLP, Machine Learning, NumPy"
Data Scientist,"Data Scientist with experience in Statistics, NumPy, SQL, Python"
Data Scientist,"Data Scientist with experience in Python, NumPy, Machine Learning, SQL"
Data Scientist,"Data Scientist with experience in NLP, SQL, NumPy, Pandas"
Data Scientist,"Data Scientist with experience in Pandas, Python, Statistics, Machine Learning"
Data Scientist,"Data Scientist with experience in SQL, Python, Machine Learning, Statistics"
Data Scientist,"Data Scientist with experience in NLP, Machine Learning, Python, Pandas"
Data Scientist,"Data Scientist with experience in NLP, NumPy, Machine Learning, Pandas"
Data Scientist,"Data Scientist with experience in Python, NumPy, SQL, Statistics"
Data Scientist,"Data Scientist with experience in NLP, Machine Learning, Pandas, Python"
Data Scientist,"Data Scientist with experience in SQL, Python, Pandas, NLP"
Data Scientist,"Data Scientist with experience in Statistics, Pandas, NumPy, SQL"
Data Scientist,"Data Scientist with experience in SQL, Pandas, NumPy, Machine Learning"
Data Scientist,"Data Scientist with experience in SQL, NumPy, NLP, Statistics"
Data Scientist,"Data Scientist with experience in NumPy, Python, Statistics, Machine Learning"
Data Scientist,"Data Scientist with experience in SQL, NLP, Machine Learning, NumPy"
Data Scientist,"Data Scientist with experience in Statistics, Pandas, NumPy, SQL"
Data Scientist,"Data Scientist with experience in Python, SQL, NumPy, NLP"
Data Scientist,"Data Scientist with experience in Pandas, NumPy, Python, NLP"
Data Scientist,"Data Scientist with experience in Machine Learning, NumPy, Python, SQL"
Data Scientist,"Data Scientist with experience in SQL, NLP, Python, Statistics"
Data Scientist,"Data Scientist with experience in Machine Learning, SQL, NumPy, Python"
Data Scientist,"Data Scientist with experience in Python, SQL, NLP, NumPy"
Data Scientist,"Data Scientist with experience in SQL, Machine Learning, Python, Pandas"
Data Scientist,"Data Scientist with experience in NLP, NumPy, Statistics, SQL"
Data Scientist,"Data Scientist with experience in NumPy, NLP, Machine Learning, SQL"
Data Scientist,"Data Scientist with experience in Machine Learning, Statistics, Pandas, NumPy"
Data Scientist,"Data Scientist with experience in NLP, NumPy, Statistics, Machine Learning"
Data Scientist,"Data Scientist with experience in NLP, SQL, Pandas, Python"
Data Scientist,"Data Scientist with experience in Statistics, Machine Learning, Pandas, NLP"
Data Scientist,"Data Scientist with experience in Statistics, NumPy, Machine Learning, NLP"
Data Scientist,"Data Scientist with experience in NLP, SQL, NumPy, Python"
Data Scientist,"Data Scientist with experience in Pandas, Statistics, SQL, Machine Learning"
Data Scientist,"Data Scientist with experience in SQL, Statistics, Pandas, Machine Learning"
Data Scientist,"Data Scientist with experience in Python, NLP, NumPy, Pandas"
Data Scientist,"Data Scientist with experience in Pandas, NLP, Machine Learning, NumPy"
Data Scientist,"Data Scientist with experience in Statistics, NumPy, Machine Learning, SQL"
Data Scientist,"Data Scientist with experience in Statistics, Pandas, Machine Learning, NumPy"
Data Scientist,"Data Scientist with experience in SQL, Python, Pandas, NumPy"
Data Scientist,"Data Scientist with experience in NLP, Statistics, Pandas, Machine Learning"
Data Scientist,"Data Scientist with experience in Python, NLP, Machine Learning, Statistics"
Data Scientist,"Data Scientist with experience in Pandas, SQL, NumPy, Python"
Data Scientist,"Data Scientist with experience in NLP, Python, Pandas, NumPy"
Data Scientist,"Data Scientist with experience in SQL, Statistics, Machine Learning, Python"
Data Scientist,"Data Scientist with experience in SQL, Python, NLP, Machine Learning"
Data Scientist,"Data Scientist with experience in SQL, Python, Pandas, NLP"
Data Scientist,"Data Scientist with experience in Python, NLP, Statistics, NumPy"
Data Scientist,"Data Scientist with experience in Machine Learning, NLP, Statistics, SQL"
Data Scientist,"Data Scientist with experience in Statistics, NumPy, Python, NLP"
Data Scientist,"Data Scientist with experience in SQL, Machine Learning, NumPy, Statistics"
Data Scientist,"Data Scientist with experience in Statistics, Pandas, Machine Learning, SQL"
Data Scientist,"Data Scientist with experience in Python, Machine Learning, NumPy, NLP"
Data Scientist,"Data Scientist with experience in Pandas, Machine Learning, NumPy, Python"
Data Scientist,"Data Scientist with experience in NLP, Pandas, SQL, Python"
Data Scientist,"Data Scientist with experience in Python, Pandas, NLP, Machine Learning"
Data Scientist,"Data Scientist with experience in Pandas, Python, Statistics, SQL"
Data Scientist,"Data Scientist with experience in Pandas, SQL, Python, NLP"
Data Scientist,"Data Scientist with experience in Statistics, SQL, Pandas, NLP"
Data Scientist,"Data Scientist with experience in Machine Learning, Pandas, Python, SQL"
Data Scientist,"Data Scientist with experience in NLP, SQL, Machine Learning, Pandas"
Data Scientist,"Data Scientist with experience in Machine Learning, NLP, Pandas, Python"
Data Scientist,"Data Scientist with experience in NLP, Python, NumPy, SQL"
Data Scientist,"Data Scientist with experience in Python, Machine Learning, NLP, Pandas"
Data Scientist,"Data Scientist with experience in NumPy, Pandas, NLP, Machine Learning"
Data Scientist,"Data Scientist with experience in Pandas, Python, Machine Learning, NumPy"
Data Scientist,"Data Scientist with experience in Statistics, SQL, Machine Learning, Python"
Data Scientist,"Data Scientist with experience in Statistics, NumPy, Pandas, SQL"
Data Scientist,"Data Scientist with experience in NLP, Machine Learning, Statistics, NumPy"
Data Scientist,"Data Scientist with experience in Machine Learning, Python, SQL, Pandas"
Data Scientist,"Data Scientist with experience in NumPy, SQL, Python, Pandas"
Data Scientist,"Data Scientist with experience in Python, NLP, Statistics, NumPy"
Data Scientist,"Data Scientist with experience in Machine Learning, Pandas, Python, Statistics"
Data Scientist,"Data Scientist with experience in Machine Learning, Pandas, NumPy, Statistics"
Data Scientist,"Data Scientist with experience in Pandas, NLP, SQL, Machine Learning"
Data Scientist,"Data Scientist with experience in Statistics, NumPy, Python, Machine Learning"
Data Scientist,"Data Scientist with experience in Pandas, Statistics, NLP, NumPy"
Data Scientist,"Data Scientist with experience in SQL, NumPy, Pandas, NLP"
Data Scientist,"Data Scientist with experience in Machine Learning, SQL, Python, NLP"
Data Scientist,"Data Scientist with experience in Machine Learning, NumPy, Statistics, Pandas"
Data Scientist,"Data Scientist with experience in Machine Learning, NumPy, Pandas, SQL"
Data Scientist,"Data Scientist with experience in SQL, NumPy, Statistics, NLP"
Data Scientist,"Data Scientist with experience in Machine Learning, NumPy, SQL, Pandas"
Data Scientist,"Data Scientist with experience in Pandas, SQL, Machine Learning, NumPy"
Data Scientist,"Data Scientist with experience in SQL, NLP, Statistics, Python"
Data Scientist,"Data Scientist with experience in SQL, NLP, Machine Learning, Python"
Data Scientist,"Data Scientist with experience in Machine Learning, Statistics, NumPy, SQL"
Data Scientist,"Data Scientist with experience in Statistics, Machine Learning, Python, NLP"
Data Scientist,"Data Scientist with experience in SQL, Statistics, Machine Learning, NumPy"
Data Scientist,"Data Scientist with experience in NumPy, Statistics, SQL, Machine Learning"
Data Scientist,"Data Scientist with experience in SQL, Python, NumPy, Pandas"
Data Scientist,"Data Scientist with experience in Python, NumPy, Statistics, Pandas"
Data Scientist,"Data Scientist with experience in Machine Learning, SQL, NumPy, Python"
Data Scientist,"Data Scientist with experience in NumPy, SQL, NLP, Python"
Data Scientist,"Data Scientist with experience in Statistics, Machine Learning, SQL, NLP"
Data Scientist,"Data Scientist with experience in Machine Learning, Python, Pandas, Statistics"
Data Scientist,"Data Scientist with experience in Machine Learning, NumPy, SQL, Pandas"
Data Scientist,"Data Scientist with experience in Pandas, Machine Learning, Python, SQL"
Data Scientist,"Data Scientist with experience in SQL, Machine Learning, NLP, NumPy"
Data Scientist,"Data Scientist with experience in Pandas, Machine Learning, Python, SQL"
Data Scientist,"Data Scientist with experience in NLP, Python, Pandas, Machine Learning"
Data Scientist,"Data Scientist with experience in SQL, Pandas, Statistics, Python"
Data Scientist,"Data Scientist with experience in Machine Learning, NLP, Pandas, SQL"
Data Scientist,"Data Scientist with experience in Machine Learning, SQL, Python, NLP"
Data Scientist,"Data Scientist with experience in Machine Learning, NumPy, Statistics, NLP"
Data Scientist,"Data Scientist with experience in Pandas, Statistics, NLP, NumPy"
Automation Tester,"Automation Tester with experience in Manual Testing, CI/CD, API Testing, Python"
Automation Tester,"Automation Tester with experience in Selenium, Manual Testing, API Testing, CI/CD"
Automation Tester,"Automation Tester with experience in Manual Testing, CI/CD, Python, API Testing"
Automation Tester,"Automation Tester with experience in Postman, CI/CD, Manual Testing, Selenium"
Automation Tester,"Automation Tester with experience in CI/CD, API Testing, Selenium, Python"
Automation Tester,"Automation Tester with experience in Postman, Python, CI/CD, Manual Testing"
Automation Tester,"Automation Tester with experience in Manual Testing, Python, Postman, API Testing"
Automation Tester,"Automation Tester with experience in API Testing, Python, Postman, Manual Testing"
Automation Tester,"Automation Tester with experience in Python, API Testing, Postman, Selenium"
Automation Tester,"Automation Tester with experience in Selenium, API Testing, Manual Testing, Postman"
Automation Tester,"Automation Tester with experience in CI/CD, Selenium, Manual Testing, Postman"
Automation Tester,"Automation Tester with experience in CI/CD, Selenium, Python, Postman"
Automation Tester,"Automation Tester with experience in CI/CD, Python, Selenium, API Testing"
Automation Tester,"Automation Tester with experience in CI/CD, API Testing, Manual Testing, Selenium"
Automation Tester,"Automation Tester with experience in Manual Testing, Selenium, API Testing, Postman"
Automation Tester,"Automation Tester with experience in Python, Manual Testing, API Testing, CI/CD"
Automation Tester,"Automation Tester with experience in Selenium, CI/CD, Python, Postman"
Automation Tester,"Automation Tester with experience in CI/CD, Postman, Selenium, API Testing"
Automation Tester,"Automation Tester with experience in Python, Selenium, API Testing, Postman"
Automation Tester,"Automation Tester with experience in Postman, Python, Manual Testing, Selenium"
Automation Tester,"Automation Tester with experience in Selenium, Postman, Manual Testing, API Testing"
Automation Tester,"Automation Tester with experience in Manual Testing, CI/CD, Python, Postman"
Automation Tester,"Automation Tester with experience in CI/CD, Python, API Testing, Selenium"
Automation Tester,"Automation Tester with experience in API Testing, Manual Testing, CI/CD, Python"
Automation Tester,"Automation Tester with experience in API Testing, Manual Testing, Selenium, Postman"
Automation Tester,"Automation Tester with experience in CI/CD, Manual Testing, Postman, Python"
Automation Tester,"Automation Tester with experience in Postman, API Testing, CI/CD, Python"
Automation Tester,"Automation Tester with experience in Postman, Manual Testing, CI/CD, Selenium"
Automation Tester,"Automation Tester with experience in CI/CD, Python, Manual Testing, API Testing"
Automation Tester,"Automation Tester with experience in Selenium, Python, CI/CD, API Testing"
Automation Tester,"Automation Tester with experience in Manual Testing, API Testing, Postman, Selenium"
Automation Tester,"Automation Tester with experience in Python, API Testing, Selenium, CI/CD"
Automation Tester,"Automation Tester with experience in CI/CD, API Testing, Python, Manual Testing"
Automation Tester,"Automation Tester with experience in Manual Testing, Postman, Selenium, Python"
Automation Tester,"Automation Tester with experience in Selenium, CI/CD, Python, Postman"
Automation Tester,"Automation Tester with experience in Selenium, API Testing, Manual Testing, CI/CD"
Automation Tester,"Automation Tester with experience in Manual Testing, Postman, CI/CD, Python"
Automation Tester,"Automation Tester with experience in Selenium, Postman, Python, CI/CD"
Automation Tester,"Automation Tester with experience in Manual Testing, Python, Selenium, CI/CD"
Automation Tester,"Automation Tester with experience in Selenium, Postman, Manual Testing, API Testing"
Automation Tester,"Automation Tester with experience in Postman, API Testing, Python, Manual Testing"
Automation Tester,"Automation Tester with experience in CI/CD, API Testing, Selenium, Postman"
Automation Tester,"Automation Tester with experience in CI/CD, Python, Postman, Manual Testing"
Automation Tester,"Automation Tester with experience in Selenium, API Testing, Python, Manual Testing"
Automation Tester,"Automation Tester with experience in API Testing, Python, CI/CD, Manual Testing"
Automation Tester,"Automation Tester with experience in Postman, Selenium, Manual Testing, API Testing"
Automation Tester,"Automation Tester with experience in Postman, API Testing, Python, Selenium"
Automation Tester,"Automation Tester with experience in Manual Testing, CI/CD, Python, Postman"
Automation Tester,"Automation Tester with experience in Manual Testing, Python, Postman, Selenium"
Automation Tester,"Automation Tester with experience in CI/CD, Selenium, API Testing, Postman"
Automation Tester,"Automation Tester with experience in Python, API Testing, Selenium, Postman"
Automation Tester,"Automation Tester with experience in Python, CI/CD, Postman, Manual Testing"
Automation Tester,"Automation Tester with experience in CI/CD, API Testing, Manual Testing, Selenium"
Automation Tester,"Automation Tester with experience in CI/CD, API Testing, Selenium, Postman"
Automation Tester,"Automation Tester with experience in CI/CD, Manual Testing, Selenium, API Testing"
Automation Tester,"Automation Tester with experience in Python, Postman, API Testing, CI/CD"
Automation Tester,"Automation Tester with experience in CI/CD, Manual Testing, Selenium, API Testing"
Automation Tester,"Automation Tester with experience in Python, Manual Testing, Postman, Selenium"
Automation Tester,"Automation Tester with experience in Selenium, Python, Postman, API Testing"
Automation Tester,"Automation Tester with experience in Selenium, API Testing, Postman, CI/CD"
Automation Tester,"Automation Tester with experience in API Testing, Postman, Manual Testing, Python"
Automation Tester,"Automation Tester with experience in Postman, Manual Testing, Selenium, API Testing"
Automation Tester,"Automation Tester with experience in Postman, Selenium, CI/CD, Python"
Automation Tester,"Automation Tester with experience in Python, Manual Testing, CI/CD, Postman"
Automation Tester,"Automation Tester with experience in Postman, Python, API Testing, Selenium"
Automation Tester,"Automation Tester with experience in Python, Manual Testing, Selenium, CI/CD"
Automation Tester,"Automation Tester with experience in Manual Testing, CI/CD, Python, Postman"
Automation Tester,"Automation Tester with experience in Postman, Python, API Testing, Selenium"
Automation Tester,"Automation Tester with experience in Python, Postman, Manual Testing, Selenium"
Automation Tester,"Automation Tester with experience in Postman, CI/CD, API Testing, Selenium"
Automation Tester,"Automation Tester with experience in Manual Testing, Selenium, CI/CD, API Testing"
Automation Tester,"Automation Tester with experience in CI/CD, API Testing, Postman, Selenium"
Automation Tester,"Automation Tester with experience in Selenium, API Testing, Manual Testing, Python"
Automation Tester,"Automation Tester with experience in Postman, API Testing, Manual Testing, Selenium"
Automation Tester,"Automation Tester with experience in CI/CD, Manual Testing, Selenium, Python"
Automation Tester,"Automation Tester with experience in Manual Testing, Selenium, Python, CI/CD"
Automation Tester,"Automation Tester with experience in Manual Testing, CI/CD, Postman, Selenium"
Automation Tester,"Automation Tester with experience in Manual Testing, Postman, API Testing, Python"
Automation Tester,"Automation Tester with experience in Selenium, Postman, Python, CI/CD"
Automation Tester,"Automation Tester with experience in Selenium, Manual Testing, Postman, CI/CD"
Automation Tester,"Automation Tester with experience in Python, Postman, API Testing, Selenium"
Automation Tester,"Automation Tester with experience in Selenium, Manual Testing, Python, API Testing"
Automation Tester,"Automation Tester with experience in CI/CD, Manual Testing, Postman, Python"
Automation Tester,"Automation Tester with experience in Python, API Testing, Manual Testing, CI/CD"
Automation Tester,"Automation Tester with experience in Selenium, Python, CI/CD, Postman"
Automation Tester,"Automation Tester with experience in Selenium, API Testing, Postman, CI/CD"
Automation Tester,"Automation Tester with experience in Postman, Selenium, CI/CD, Manual Testing"
Automation Tester,"Automation Tester with experience in Postman, Manual Testing, CI/CD, API Testing"
Automation Tester,"Automation Tester with experience in Postman, Manual Testing, Python, API Testing"
Automation Tester,"Automation Tester with experience in Manual Testing, Selenium, Postman, Python"
Automation Tester,"Automation Tester with experience in Python, CI/CD, Postman, API Testing"
Automation Tester,"Automation Tester with experience in Postman, Python, Manual Testing, Selenium"
Automation Tester,"Automation Tester with experience in Manual Testing, Postman, CI/CD, Python"
Automation Tester,"Automation Tester with experience in Manual Testing, CI/CD, API Testing, Postman"
Automation Tester,"Automation Tester with experience in CI/CD, Selenium, Manual Testing, Postman"
Automation Tester,"Automation Tester with experience in Python, Manual Testing, API Testing, Postman"
Automation Tester,"Automation Tester with experience in Postman, Selenium, Manual Testing, CI/CD"
Automation Tester,"Automation Tester with experience in API Testing, Selenium, Manual Testing, Python"
Automation Tester,"Automation Tester with experience in Selenium, Manual Testing, Python, CI/CD"
Automation Tester,"Automation Tester with experience in Postman, Manual Testing, Selenium, API Testing"
Automation Tester,"Automation Tester with experience in Postman, API Testing, Python, Manual Testing"
Automation Tester,"Automation Tester with experience in API Testing, Postman, Python, Selenium"
Automation Tester,"Automation Tester with experience in Selenium, Postman, API Testing, Manual Testing"
Automation Tester,"Automation Tester with experience in Python, Postman, API Testing, Manual Testing"
Automation Tester,"Automation Tester with experience in API Testing, Python, CI/CD, Manual Testing"
Automation Tester,"Automation Tester with experience in Selenium, API Testing, Python, Manual Testing"
Automation Tester,"Automation Tester with experience in Postman, CI/CD, Python, API Testing"
Automation Tester,"Automation Tester with experience in API Testing, Python, Postman, Selenium"
Automation Tester,"Automation Tester with experience in API Testing, CI/CD, Python, Selenium"
Automation Tester,"Automation Tester with experience in Postman, Selenium, CI/CD, Python"
Automation Tester,"Automation Tester with experience in Selenium, CI/CD, Python, Manual Testing"
Automation Tester,"Automation Tester with experience in Manual Testing, CI/CD, API Testing, Python"
Automation Tester,"Automation Tester with experience in API Testing, Python, CI/CD, Postman"
Automation Tester,"Automation Tester with experience in API Testing, Selenium, Postman, Manual Testing"
Automation Tester,"Automation Tester with experience in Manual Testing, Selenium, API Testing, Python"
Automation Tester,"Automation Tester with experience in Python, CI/CD, API Testing, Manual Testing"
Automation Tester,"Automation Tester with experience in API Testing, Python, CI/CD, Postman"
Automation Tester,"Automation Tester with experience in CI/CD, API Testing, Python, Manual Testing"
Automation Tester,"Automation Tester with experience in Manual Testing, CI/CD, Python, Selenium"
Automation Tester,"Automation Tester with experience in Manual Testing, API Testing, Postman, Python"
Automation Tester,"Automation Tester with experience in Python, API Testing, Selenium, Manual Testing"
Automation Tester,"Automation Tester with experience in Python, API Testing, CI/CD, Selenium"
Automation Tester,"Automation Tester with experience in CI/CD, API Testing, Postman, Selenium"
Automation Tester,"Automation Tester with experience in API Testing, Manual Testing, Selenium, Postman"
Automation Tester,"Automation Tester with experience in CI/CD, Manual Testing, API Testing, Postman"
Automation Tester,"Automation Tester with experience in Postman, CI/CD, Manual Testing, API Testing"
Automation Tester,"Automation Tester with experience in Selenium, Manual Testing, Postman, Python"
Automation Tester,"Automation Tester with experience in API Testing, Python, Manual Testing, CI/CD"
Automation Tester,"Automation Tester with experience in Manual Testing, CI/CD, Python, Postman"
Automation Tester,"Automation Tester with experience in Selenium, Python, API Testing, CI/CD"
Automation Tester,"Automation Tester with experience in API Testing, Postman, Python, Manual Testing"
Automation Tester,"Automation Tester with experience in Postman, CI/CD, Selenium, API Testing"
Automation Tester,"Automation Tester with experience in CI/CD, Manual Testing, API Testing, Python"
Automation Tester,"Automation Tester with experience in Postman, CI/CD, Manual Testing, API Testing"
Automation Tester,"Automation Tester with experience in API Testing, Manual Testing, CI/CD, Python"
Automation Tester,"Automation Tester with experience in Python, Selenium, CI/CD, Manual Testing"
Automation Tester,"Automation Tester with experience in Postman, Manual Testing, CI/CD, Selenium"
Automation Tester,"Automation Tester with experience in API Testing, Selenium, CI/CD, Python"
Automation Tester,"Automation Tester with experience in CI/CD, Postman, Python, Manual Testing"
Automation Tester,"Automation Tester with experience in Selenium, Manual Testing, Python, Postman"
Automation Tester,"Automation Tester with experience in API Testing, CI/CD, Postman, Manual Testing"
Automation Tester,"Automation Tester with experience in Python, Manual Testing, Selenium, API Testing"
Automation Tester,"Automation Tester with experience in Python, Selenium, Postman, API Testing"
Automation Tester,"Automation Tester with experience in API Testing, CI/CD, Python, Postman"
Automation Tester,"Automation Tester with experience in CI/CD, Postman, Python, Manual Testing"
Automation Tester,"Automation Tester with experience in Python, Manual Testing, CI/CD, Selenium"
Automation Tester,"Automation Tester with experience in Selenium, API Testing, CI/CD, Python"
Automation Tester,"Automation Tester with experience in API Testing, Selenium, Python, CI/CD"
Automation Tester,"Automation Tester with experience in Python, API Testing, CI/CD, Manual Testing"
Automation Tester,"Automation Tester with experience in Manual Testing, API Testing, Postman, Python"
Automation Tester,"Automation Tester with experience in Postman, Python, Selenium, API Testing"
Automation Tester,"Automation Tester with experience in CI/CD, Manual Testing, Python, Selenium"
Automation Tester,"Automation Tester with experience in Manual Testing, Python, Selenium, CI/CD"
Automation Tester,"Automation Tester with experience in Python, Selenium, Postman, API Testing"
Automation Tester,"Automation Tester with experience in Manual Testing, Postman, API Testing, CI/CD"
Automation Tester,"Automation Tester with experience in Selenium, API Testing, CI/CD, Manual Testing"
Automation Tester,"Automation Tester with experience in Manual Testing, API Testing, CI/CD, Postman"
Automation Tester,"Automation Tester with experience in Postman, CI/CD, Python, Manual Testing"
Automation Tester,"Automation Tester with experience in API Testing, Python, CI/CD, Manual Testing"
Automation Tester,"Automation Tester with experience in API Testing, Selenium, Postman, Manual Testing"
Automation Tester,"Automation Tester with experience in Python, CI/CD, Selenium, Manual Testing"
Automation Tester,"Automation Tester with experience in Postman, Python, API Testing, CI/CD"
Automation Tester,"Automation Tester with experience in Manual Testing, CI/CD, Python, Postman"
Automation Tester,"Automation Tester with experience in Python, Selenium, Postman, API Testing"
Automation Tester,"Automation Tester with experience in API Testing, Manual Testing, CI/CD, Postman"
Automation Tester,"Automation Tester with experience in Python, Selenium, Manual Testing, Postman"
Automation Tester,"Automation Tester with experience in API Testing, Manual Testing, Postman, CI/CD"
Automation Tester,"Automation Tester with experience in Selenium, Postman, CI/CD, API Testing"
Automation Tester,"Automation Tester with experience in Manual Testing, CI/CD, Python, Postman"
Automation Tester,"Automation Tester with experience in Selenium, Manual Testing, CI/CD, Postman"
Automation Tester,"Automation Tester with experience in Selenium, Manual Testing, Python, CI/CD"
Automation Tester,"Automation Tester with experience in API Testing, Selenium, CI/CD, Manual Testing"
Automation Tester,"Automation Tester with experience in Postman, Manual Testing, Python, API Testing"
Automation Tester,"Automation Tester with experience in Selenium, Python, CI/CD, Manual Testing"
Automation Tester,"Automation Tester with experience in Manual Testing, Postman, CI/CD, Python"
Automation Tester,"Automation Tester with experience in Postman, CI/CD, Python, Selenium"
Automation Tester,"Automation Tester with experience in Selenium, Postman, Manual Testing, CI/CD"
Automation Tester,"Automation Tester with experience in API Testing, Manual Testing, Postman, CI/CD"
Automation Tester,"Automation Tester with experience in Selenium, API Testing, Python, Manual Testing"
Automation Tester,"Automation Tester with experience in Python, API Testing, Selenium, Postman"
Automation Tester,"Automation Tester with experience in CI/CD, Python, Selenium, Manual Testing"
Automation Tester,"Automation Tester with experience in Postman, Python, Selenium, CI/CD"
Automation Tester,"Automation Tester with experience in Manual Testing, CI/CD, Selenium, API Testing"
Automation Tester,"Automation Tester with experience in Postman, Python, CI/CD, Manual Testing"
Automation Tester,"Automation Tester with experience in Postman, Selenium, Manual Testing, Python"
Automation Tester,"Automation Tester with experience in API Testing, CI/CD, Python, Selenium"
Automation Tester,"Automation Tester with experience in Manual Testing, Selenium, Python, CI/CD"
Automation Tester,"Automation Tester with experience in Postman, Python, Selenium, Manual Testing"
Automation Tester,"Automation Tester with experience in Python, API Testing, Manual Testing, Postman"
Automation Tester,"Automation Tester with experience in Manual Testing, Python, CI/CD, Selenium"
Automation Tester,"Automation Tester with experience in Python, Selenium, Postman, Manual Testing"
Automation Tester,"Automation Tester with experience in Postman, API Testing, CI/CD, Manual Testing"
Automation Tester,"Automation Tester with experience in Selenium, Python, API Testing, CI/CD"
Automation Tester,"Automation Tester with experience in Postman, Python, Selenium, API Testing"
Automation Tester,"Automation Tester with experience in Selenium, Python, API Testing, CI/CD"
Automation Tester,"Automation Tester with experience in Python, Postman, Selenium, API Testing"
Automation Tester,"Automation Tester with experience in API Testing, Postman, CI/CD, Manual Testing"
Automation Tester,"Automation Tester with experience in API Testing, Manual Testing, Postman, Python"
Automation Tester,"Automation Tester with experience in Selenium, Postman, API Testing, Python"
Automation Tester,"Automation Tester with experience in Postman, Selenium, CI/CD, Manual Testing"
Automation Tester,"Automation Tester with experience in API Testing, Selenium, CI/CD, Manual Testing"
Automation Tester,"Automation Tester with experience in API Testing, CI/CD, Manual Testing, Python"
Automation Tester,"Automation Tester with experience in API Testing, CI/CD, Postman, Manual Testing"
Automation Tester,"Automation Tester with experience in CI/CD, API Testing, Python, Manual Testing"
Automation Tester,"Automation Tester with experience in Postman, Python, CI/CD, API Testing"
Automation Tester,"Automation Tester with experience in CI/CD, Manual Testing, API Testing, Python"
Automation Tester,"Automation Tester with experience in Selenium, Postman, API Testing, Manual Testing"
Automation Tester,"Automation Tester with experience in Python, CI/CD, Postman, API Testing"
Automation Tester,"Automation Tester with experience in Selenium, Python, CI/CD, API Testing"
Automation Tester,"Automation Tester with experience in Selenium, CI/CD, Postman, Python"
Automation Tester,"Automation Tester with experience in Python, API Testing, CI/CD, Manual Testing"
Automation Tester,"Automation Tester with experience in API Testing, CI/CD, Selenium, Postman"
Automation Tester,"Automation Tester with experience in Selenium, API Testing, Python, CI/CD"
Automation Tester,"Automation Tester with experience in API Testing, Selenium, CI/CD, Postman"
Automation Tester,"Automation Tester with experience in API Testing, Selenium, CI/CD, Manual Testing"
Automation Tester,"Automation Tester with experience in Python, Manual Testing, API Testing, CI/CD"
Automation Tester,"Automation Tester with experience in API Testing, Manual Testing, Postman, Selenium"
Automation Tester,"Automation Tester with experience in Selenium, CI/CD, Postman, Manual Testing"
Automation Tester,"Automation Tester with experience in API Testing, CI/CD, Selenium, Postman"
Automation Tester,"Automation Tester with experience in Python, Postman, Selenium, CI/CD"
Automation Tester,"Automation Tester with experience in CI/CD, Selenium, API Testing, Python"
Automation Tester,"Automation Tester with experience in Python, API Testing, CI/CD, Selenium"
Automation Tester,"Automation Tester with experience in Selenium, Postman, Python, Manual Testing"
Automation Tester,"Automation Tester with experience in Selenium, CI/CD, API Testing, Postman"
Automation Tester,"Automation Tester with experience in Selenium, Python, Postman, API Testing"
Automation Tester,"Automation Tester with experience in Manual Testing, API Testing, CI/CD, Python"
Automation Tester,"Automation Tester with experience in API Testing, CI/CD, Postman, Python"
Automation Tester,"Automation Tester with experience in CI/CD, API Testing, Manual Testing, Python"
Automation Tester,"Automation Tester with experience in API Testing, Manual Testing, Python, Selenium"
Automation Tester,"Automation Tester with experience in Postman, CI/CD, Manual Testing, API Testing"
Automation Tester,"Automation Tester with experience in Postman, Python, Manual Testing, CI/CD"
Automation Tester,"Automation Tester with experience in Selenium, API Testing, Postman, Manual Testing"
Automation Tester,"Automation Tester with experience in Postman, Manual Testing, CI/CD, API Testing"
Automation Tester,"Automation Tester with experience in API Testing, CI/CD, Selenium, Postman"
Automation Tester,"Automation Tester with experience in Manual Testing, CI/CD, Postman, API Testing"
Automation Tester,"Automation Tester with experience in Python, CI/CD, Selenium, API Testing"
Automation Tester,"Automation Tester with experience in Manual Testing, Python, Selenium, Postman"
Automation Tester,"Automation Tester with experience in CI/CD, API Testing, Selenium, Manual Testing"
Automation Tester,"Automation Tester with experience in Postman, CI/CD, Python, Manual Testing"
Automation Tester,"Automation Tester with experience in API Testing, Selenium, Postman, Python"
Automation Tester,"Automation Tester with experience in API Testing, Selenium, CI/CD, Python"
Automation Tester,"Automation Tester with experience in Manual Testing, Selenium, Python, API Testing"
Automation Tester,"Automation Tester with experience in Manual Testing, Python, API Testing, Postman"
Automation Tester,"Automation Tester with experience in Selenium, Postman, Python, Manual Testing"
Automation Tester,"Automation Tester with experience in API Testing, CI/CD, Manual Testing, Python"
Automation Tester,"Automation Tester with experience in Selenium, Python, Manual Testing, CI/CD"
Automation Tester,"Automation Tester with experience in Postman, Python, CI/CD, Manual Testing"
Automation Tester,"Automation Tester with experience in API Testing, Python, Selenium, CI/CD"
Automation Tester,"Automation Tester with experience in CI/CD, Postman, API Testing, Python"
Automation Tester,"Automation Tester with experience in Python, Postman, Manual Testing, CI/CD"
Backend Developer,"Backend Developer with experience in Java, MySQL, Microservices, REST API"
Backend Developer,"Backend Developer with experience in Microservices, Spring Boot, REST API, MySQL"
Backend Developer,"Backend Developer with experience in Microservices, Spring Boot, REST API, Java"
Backend Developer,"Backend Developer with experience in Java, MySQL, REST API, Microservices"
Backend Developer,"Backend Developer with experience in Microservices, MySQL, REST API, Java"
Backend Developer,"Backend Developer with experience in Spring Boot, Microservices, MySQL, REST API"
Backend Developer,"Backend Developer with experience in REST API, Java, MySQL, Spring Boot"
Backend Developer,"Backend Developer with experience in MySQL, Microservices, REST API, Spring Boot"
Backend Developer,"Backend Developer with experience in REST API, Spring Boot, Microservices, Java"
Backend Developer,"Backend Developer with experience in Java, Microservices, MySQL, REST API"
Backend Developer,"Backend Developer with experience in MySQL, Java, Microservices, Spring Boot"
Backend Developer,"Backend Developer with experience in Spring Boot, Microservices, Java, REST API"
Backend Developer,"Backend Developer with experience in Spring Boot, Java, MySQL, Microservices"
Backend Developer,"Backend Developer with experience in MySQL, Microservices, Java, Spring Boot"
Backend Developer,"Backend Developer with experience in Spring Boot, Java, REST API, Microservices"
Backend Developer,"Backend Developer with experience in Java, Spring Boot, Microservices, MySQL"
Backend Developer,"Backend Developer with experience in REST API, Java, Microservices, MySQL"
Backend Developer,"Backend Developer with experience in Java, REST API, MySQL, Spring Boot"
Backend Developer,"Backend Developer with experience in Microservices, Spring Boot, MySQL, Java"
Backend Developer,"Backend Developer with experience in Java, MySQL, Microservices, Spring Boot"
Backend Developer,"Backend Developer with experience in Spring Boot, Microservices, REST API, MySQL"
Backend Developer,"Backend Developer with experience in REST API, Microservices, Java, Spring Boot"
Backend Developer,"Backend Developer with experience in MySQL, Spring Boot, REST API, Microservices"
Backend Developer,"Backend Developer with experience in Microservices, Java, REST API, MySQL"
Backend Developer,"Backend Developer with experience in MySQL, Microservices, REST API, Spring Boot"
Backend Developer,"Backend Developer with experience in Spring Boot, REST API, MySQL, Java"
Backend Developer,"Backend Developer with experience in Spring Boot, MySQL, Java, Microservices"
Backend Developer,"Backend Developer with experience in REST API, MySQL, Java, Spring Boot"
Backend Developer,"Backend Developer with experience in MySQL, Microservices, Spring Boot, Java"
Backend Developer,"Backend Developer with experience in Spring Boot, MySQL, Java, REST API"
Backend Developer,"Backend Developer with experience in Microservices, Java, MySQL, REST API"
Backend Developer,"Backend Developer with experience in MySQL, REST API, Java, Microservices"
Backend Developer,"Backend Developer with experience in REST API, MySQL, Spring Boot, Microservices"
Backend Developer,"Backend Developer with experience in Microservices, Spring Boot, MySQL, REST API"
Backend Developer,"Backend Developer with experience in Spring Boot, Microservices, REST API, Java"
Backend Developer,"Backend Developer with experience in REST API, Spring Boot, Microservices, MySQL"
Backend Developer,"Backend Developer with experience in MySQL, Java, Microservices, REST API"
Backend Developer,"Backend Developer with experience in MySQL, REST API, Spring Boot, Microservices"
Backend Developer,"Backend Developer with experience in MySQL, Microservices, Spring Boot, Java"
Backend Developer,"Backend Developer with experience in Java, Spring Boot, MySQL, REST API"
Backend Developer,"Backend Developer with experience in REST API, Java, Microservices, MySQL"
Backend Developer,"Backend Developer with experience in MySQL, Spring Boot, Java, Microservices"
Backend Developer,"Backend Developer with experience in Java, REST API, Spring Boot, Microservices"
Backend Developer,"Backend Developer with experience in REST API, Spring Boot, Microservices, MySQL"
Backend Developer,"Backend Developer with experience in REST API, Microservices, MySQL, Java"
Backend Developer,"Backend Developer with experience in Microservices, Spring Boot, Java, MySQL"
Backend Developer,"Backend Developer with experience in MySQL, Java, Microservices, Spring Boot"
Backend Developer,"Backend Developer with experience in MySQL, Java, Microservices, Spring Boot"
Backend Developer,"Backend Developer with experience in Microservices, Java, MySQL, REST API"
Backend Developer,"Backend Developer with experience in REST API, Microservices, MySQL, Spring Boot"
Backend Developer,"Backend Developer with experience in Spring Boot, Java, Microservices, REST API"
Backend Developer,"Backend Developer with experience in Microservices, MySQL, Java, REST API"
Backend Developer,"Backend Developer with experience in Java, REST API, Spring Boot, MySQL"
Backend Developer,"Backend Developer with experience in Microservices, Java, Spring Boot, MySQL"
Backend Developer,"Backend Developer with experience in Java, REST API, Spring Boot, Microservices"
Backend Developer,"Backend Developer with experience in Spring Boot, MySQL, Java, Microservices"
Backend Developer,"Backend Developer with experience in MySQL, REST API, Spring Boot, Java"
Backend Developer,"Backend Developer with experience in MySQL, Microservices, Java, Spring Boot"
Backend Developer,"Backend Developer with experience in Java, REST API, Spring Boot, MySQL"
Backend Developer,"Backend Developer with experience in Spring Boot, MySQL, Microservices, REST API"
Backend Developer,"Backend Developer with experience in REST API, Java, Spring Boot, Microservices"
Backend Developer,"Backend Developer with experience in MySQL, Spring Boot, REST API, Java"
Backend Developer,"Backend Developer with experience in Microservices, Java, MySQL, REST API"
Backend Developer,"Backend Developer with experience in REST API, Spring Boot, Java, MySQL"
Backend Developer,"Backend Developer with experience in Microservices, MySQL, Spring Boot, Java"
Backend Developer,"Backend Developer with experience in Microservices, MySQL, Java, Spring Boot"
Backend Developer,"Backend Developer with experience in REST API, Java, Spring Boot, Microservices"
Backend Developer,"Backend Developer with experience in Java, Spring Boot, REST API, Microservices"
Backend Developer,"Backend Developer with experience in REST API, MySQL, Spring Boot, Microservices"
Backend Developer,"Backend Developer with experience in REST API, Microservices, MySQL, Java"
Backend Developer,"Backend Developer with experience in Microservices, Java, REST API, Spring Boot"
Backend Developer,"Backend Developer with experience in REST API, Spring Boot, Microservices, MySQL"
Backend Developer,"Backend Developer with experience in Java, REST API, Microservices, Spring Boot"
Backend Developer,"Backend Developer with experience in REST API, Microservices, Java, MySQL"
Backend Developer,"Backend Developer with experience in Spring Boot, Java, MySQL, REST API"
Backend Developer,"Backend Developer with experience in Microservices, Java, MySQL, Spring Boot"
Backend Developer,"Backend Developer with experience in Java, REST API, Microservices, Spring Boot"
Backend Developer,"Backend Developer with experience in Java, REST API, MySQL, Spring Boot"
Backend Developer,"Backend Developer with experience in Java, Microservices, MySQL, REST API"
Backend Developer,"Backend Developer with experience in Spring Boot, MySQL, Microservices, Java"
Backend Developer,"Backend Developer with experience in Java, REST API, Spring Boot, MySQL"
Backend Developer,"Backend Developer with experience in MySQL, Microservices, Spring Boot, Java"
Backend Developer,"Backend Developer with experience in Java, Microservices, MySQL, REST API"
Backend Developer,"Backend Developer with experience in REST API, Java, MySQL, Microservices"
Backend Developer,"Backend Developer with experience in REST API, Microservices, Java, MySQL"
Backend Developer,"Backend Developer with experience in Java, REST API, Spring Boot, Microservices"
Backend Developer,"Backend Developer with experience in MySQL, Microservices, Spring Boot, REST API"
Backend Developer,"Backend Developer with experience in MySQL, Java, Spring Boot, REST API"
Backend Developer,"Backend Developer with experience in Spring Boot, MySQL, REST API, Java"
Backend Developer,"Backend Developer with experience in MySQL, Spring Boot, Microservices, Java"
Backend Developer,"Backend Developer with experience in Microservices, Spring Boot, MySQL, REST API"
Backend Developer,"Backend Developer with experience in MySQL, Java, Microservices, Spring Boot"
Backend Developer,"Backend Developer with experience in REST API, MySQL, Java, Microservices"
Backend Developer,"Backend Developer with experience in REST API, Java, Microservices, Spring Boot"
Backend Developer,"Backend Developer with experience in Java, Microservices, Spring Boot, REST API"
Backend Developer,"Backend Developer with experience in MySQL, Microservices, Spring Boot, REST API"
Backend Developer,"Backend Developer with experience in MySQL, Java, Spring Boot, Microservices"
Backend Developer,"Backend Developer with experience in Spring Boot, MySQL, Microservices, REST API"
Backend Developer,"Backend Developer with experience in Microservices, Spring Boot, Java, REST API"
Backend Developer,"Backend Developer with experience in Java, Spring Boot, REST API, Microservices"
Backend Developer,"Backend Developer with experience in MySQL, REST API, Spring Boot, Java"
Backend Developer,"Backend Developer with experience in Microservices, Spring Boot, MySQL, REST API"
Backend Developer,"Backend Developer with experience in REST API, Spring Boot, Microservices, MySQL"
Backend Developer,"Backend Developer with experience in Spring Boot, MySQL, Java, Microservices"
Backend Developer,"Backend Developer with experience in Java, REST API, Microservices, Spring Boot"
Backend Developer,"Backend Developer with experience in MySQL, Java, Spring Boot, Microservices"
Backend Developer,"Backend Developer with experience in MySQL, REST API, Spring Boot, Microservices"
Backend Developer,"Backend Developer with experience in Microservices, Java, MySQL, REST API"
Backend Developer,"Backend Developer with experience in REST API, Java, Spring Boot, Microservices"
Backend Developer,"Backend Developer with experience in MySQL, Microservices, Spring Boot, REST API"
Backend Developer,"Backend Developer with experience in Spring Boot, REST API, Java, MySQL"
Backend Developer,"Backend Developer with experience in Spring Boot, REST API, Microservices, MySQL"
Backend Developer,"Backend Developer with experience in Microservices, Spring Boot, MySQL, REST API"
Backend Developer,"Backend Developer with experience in Microservices, Spring Boot, Java, REST API"
Backend Developer,"Backend Developer with experience in REST API, MySQL, Spring Boot, Java"
Backend Developer,"Backend Developer with experience in Java, Microservices, REST API, Spring Boot"
Backend Developer,"Backend Developer with experience in REST API, MySQL, Microservices, Java"
Backend Developer,"Backend Developer with experience in REST API, Spring Boot, MySQL, Java"
Backend Developer,"Backend Developer with experience in Java, MySQL, Microservices, Spring Boot"
Backend Developer,"Backend Developer with experience in REST API, Microservices, MySQL, Spring Boot"
Backend Developer,"Backend Developer with experience in Spring Boot, REST API, Java, Microservices"
Backend Developer,"Backend Developer with experience in Spring Boot, MySQL, Microservices, Java"
Backend Developer,"Backend Developer with experience in REST API, Microservices, Spring Boot, MySQL"
Backend Developer,"Backend Developer with experience in MySQL, Microservices, Spring Boot, REST API"
Backend Developer,"Backend Developer with experience in MySQL, Microservices, REST API, Java"
Backend Developer,"Backend Developer with experience in Java, MySQL, REST API, Spring Boot"
Backend Developer,"Backend Developer with experience in Microservices, MySQL, Java, REST API"
Backend Developer,"Backend Developer with experience in Microservices, Java, MySQL, Spring Boot"
Backend Developer,"Backend Developer with experience in Java, MySQL, Microservices, Spring Boot"
Backend Developer,"Backend Developer with experience in Java, Spring Boot, Microservices, REST API"
Backend Developer,"Backend Developer with experience in MySQL, Microservices, Java, REST API"
Backend Developer,"Backend Developer with experience in Spring Boot, REST API, Java, MySQL"
Backend Developer,"Backend Developer with experience in MySQL, Microservices, REST API, Java"
Backend Developer,"Backend Developer with experience in REST API, Java, Spring Boot, Microservices"
Backend Developer,"Backend Developer with experience in Microservices, MySQL, Java, REST API"
Backend Developer,"Backend Developer with experience in Spring Boot, REST API, Microservices, Java"
Backend Developer,"Backend Developer with experience in MySQL, Microservices, Java, Spring Boot"
Backend Developer,"Backend Developer with experience in MySQL, Java, REST API, Spring Boot"
Backend Developer,"Backend Developer with experience in Microservices, Java, MySQL, Spring Boot"
Backend Developer,"Backend Developer with experience in Java, REST API, Spring Boot, MySQL"
Backend Developer,"Backend Developer with experience in REST API, Spring Boot, Microservices, Java"
Backend Developer,"Backend Developer with experience in Java, REST API, MySQL, Spring Boot"
Backend Developer,"Backend Developer with experience in REST API, MySQL, Microservices, Spring Boot"
Backend Developer,"Backend Developer with experience in Spring Boot, Microservices, REST API, MySQL"
Backend Developer,"Backend Developer with experience in MySQL, Spring Boot, Microservices, Java"
Backend Developer,"Backend Developer with experience in Microservices, Java, REST API, Spring Boot"
Backend Developer,"Backend Developer with experience in Microservices, Java, REST API, MySQL"
Backend Developer,"Backend Developer with experience in Spring Boot, Microservices, MySQL, REST API"
Backend Developer,"Backend Developer with experience in Microservices, REST API, Spring Boot, MySQL"
Backend Developer,"Backend Developer with experience in Microservices, MySQL, Spring Boot, Java"
Backend Developer,"Backend Developer with experience in Java, Spring Boot, REST API, MySQL"
Backend Developer,"Backend Developer with experience in MySQL, Microservices, Java, Spring Boot"
Backend Developer,"Backend Developer with experience in Microservices, Java, MySQL, Spring Boot"
Backend Developer,"Backend Developer with experience in Microservices, Spring Boot, Java, MySQL"
Backend Developer,"Backend Developer with experience in Java, Microservices, Spring Boot, MySQL"
Backend Developer,"Backend Developer with experience in Java, MySQL, Microservices, Spring Boot"
Backend Developer,"Backend Developer with experience in Spring Boot, MySQL, REST API, Microservices"
Backend Developer,"Backend Developer with experience in REST API, Java, Spring Boot, Microservices"
Backend Developer,"Backend Developer with experience in Spring Boot, Microservices, Java, MySQL"
Backend Developer,"Backend Developer with experience in MySQL, Spring Boot, Microservices, REST API"
Backend Developer,"Backend Developer with experience in REST API, Spring Boot, MySQL, Microservices"
Backend Developer,"Backend Developer with experience in MySQL, Spring Boot, Java, REST API"
Backend Developer,"Backend Developer with experience in Java, REST API, Microservices, Spring Boot"
Backend Developer,"Backend Developer with experience in Spring Boot, Java, REST API, MySQL"
Backend Developer,"Backend Developer with experience in Microservices, Java, MySQL, REST API"
Backend Developer,"Backend Developer with experience in MySQL, Spring Boot, REST API, Microservices"
Backend Developer,"Backend Developer with experience in Spring Boot, MySQL, Microservices, Java"
Backend Developer,"Backend Developer with experience in MySQL, Spring Boot, REST API, Java"
Backend Developer,"Backend Developer with experience in Spring Boot, Microservices, REST API, Java"
Backend Developer,"Backend Developer with experience in Java, Spring Boot, REST API, Microservices"
Backend Developer,"Backend Developer with experience in REST API, Microservices, Spring Boot, MySQL"
Backend Developer,"Backend Developer with experience in Spring Boot, MySQL, Java, REST API"
Backend Developer,"Backend Developer with experience in Microservices, REST API, Spring Boot, MySQL"
Backend Developer,"Backend Developer with experience in MySQL, Spring Boot, REST API, Java"
Backend Developer,"Backend Developer with experience in MySQL, Microservices, Java, Spring Boot"
Backend Developer,"Backend Developer with experience in Microservices, Java, REST API, Spring Boot"
Backend Developer,"Backend Developer with experience in Java, MySQL, Microservices, REST API"
Backend Developer,"Backend Developer with experience in REST API, MySQL, Java, Microservices"
Backend Developer,"Backend Developer with experience in MySQL, Java, REST API, Spring Boot"
Backend Developer,"Backend Developer with experience in MySQL, REST API, Spring Boot, Microservices"
Backend Developer,"Backend Developer with experience in MySQL, Microservices, Java, REST API"
Backend Developer,"Backend Developer with experience in REST API, Java, MySQL, Spring Boot"
Backend Developer,"Backend Developer with experience in Spring Boot, Java, Microservices, REST API"
Backend Developer,"Backend Developer with experience in Microservices, REST API, MySQL, Java"
Backend Developer,"Backend Developer with experience in Spring Boot, REST API, Microservices, MySQL"
Backend Developer,"Backend Developer with experience in Microservices, Java, MySQL, Spring Boot"
Backend Developer,"Backend Developer with experience in Spring Boot, REST API, Java, MySQL"
Backend Developer,"Backend Developer with experience in Java, Spring Boot, REST API, Microservices"
Backend Developer,"Backend Developer with experience in Spring Boot, MySQL, REST API, Java"
Backend Developer,"Backend Developer with experience in Spring Boot, MySQL, REST API, Microservices"
Backend Developer,"Backend Developer with experience in Java, REST API, Microservices, Spring Boot"
Backend Developer,"Backend Developer with experience in Java, Microservices, Spring Boot, REST API"
Backend Developer,"Backend Developer with experience in Microservices, Spring Boot, Java, MySQL"
Backend Developer,"Backend Developer with experience in Microservices, Java, REST API, MySQL"
Backend Developer,"Backend Developer with experience in Microservices, Java, REST API, Spring Boot"
Backend Developer,"Backend Developer with experience in MySQL, Spring Boot, Microservices, REST API"
Backend Developer,"Backend Developer with experience in Microservices, Java, MySQL, REST API"
Backend Developer,"Backend Developer with experience in Java, Microservices, REST API, Spring Boot"
Backend Developer,"Backend Developer with experience in Microservices, REST API, Spring Boot, Java"
Backend Developer,"Backend Developer with experience in MySQL, Spring Boot, Java, REST API"
Backend Developer,"Backend Developer with experience in REST API, Spring Boot, Microservices, MySQL"
Backend Developer,"Backend Developer with experience in MySQL, Java, Spring Boot, Microservices"
Backend Developer,"Backend Developer with experience in REST API, Spring Boot, Java, MySQL"
Backend Developer,"Backend Developer with experience in Spring Boot, Microservices, MySQL, REST API"
Backend Developer,"Backend Developer with experience in Microservices, Java, Spring Boot, REST API"
Backend Developer,"Backend Developer with experience in Microservices, Java, REST API, Spring Boot"
Backend Developer,"Backend Developer with experience in REST API, Spring Boot, Java, MySQL"
Backend Developer,"Backend Developer with experience in MySQL, Java, Microservices, REST API"
Backend Developer,"Backend Developer with experience in Java, REST API, Microservices, Spring Boot"
Backend Developer,"Backend Developer with experience in Java, Microservices, REST API, MySQL"
Backend Developer,"Backend Developer with experience in REST API, Microservices, Spring Boot, Java"
Backend Developer,"Backend Developer with experience in REST API, Microservices, MySQL, Spring Boot"
Backend Developer,"Backend Developer with experience in Java, REST API, MySQL, Spring Boot"
Backend Developer,"Backend Developer with experience in Java, Spring Boot, REST API, MySQL"
Backend Developer,"Backend Developer with experience in Microservices, REST API, Java, Spring Boot"
Backend Developer,"Backend Developer with experience in Spring Boot, Microservices, Java, REST API"
Backend Developer,"Backend Developer with experience in Java, Spring Boot, MySQL, Microservices"
Backend Developer,"Backend Developer with experience in Spring Boot, MySQL, REST API, Microservices"
Backend Developer,"Backend Developer with experience in REST API, Microservices, MySQL, Spring Boot"
Backend Developer,"Backend Developer with experience in MySQL, Java, Microservices, REST API"
Backend Developer,"Backend Developer with experience in MySQL, Spring Boot, Java, Microservices"
Backend Developer,"Backend Developer with experience in Java, Microservices, MySQL, REST API"
Backend Developer,"Backend Developer with experience in MySQL, Spring Boot, Microservices, Java"
Backend Developer,"Backend Developer with experience in MySQL, REST API, Spring Boot, Java"
Backend Developer,"Backend Developer with experience in Java, MySQL, REST API, Spring Boot"
Backend Developer,"Backend Developer with experience in Java, REST API, Microservices, MySQL"
Backend Developer,"Backend Developer with experience in Microservices, REST API, Java, Spring Boot"
Backend Developer,"Backend Developer with experience in Spring Boot, Microservices, MySQL, Java"
Backend Developer,"Backend Developer with experience in Spring Boot, Microservices, REST API, MySQL"
Backend Developer,"Backend Developer with experience in REST API, Microservices, Spring Boot, MySQL"
Backend Developer,"Backend Developer with experience in Microservices, Spring Boot, REST API, MySQL"
Backend Developer,"Backend Developer with experience in Spring Boot, Java, Microservices, MySQL"
Backend Developer,"Backend Developer with experience in Spring Boot, Microservices, REST API, Java"
Backend Developer,"Backend Developer with experience in Microservices, MySQL, Java, REST API"
Backend Developer,"Backend Developer with experience in MySQL, Spring Boot, Java, Microservices"
Backend Developer,"Backend Developer with experience in REST API, Java, Microservices, Spring Boot"
Backend Developer,"Backend Developer with experience in Java, MySQL, Spring Boot, REST API"
Backend Developer,"Backend Developer with experience in Java, REST API, Spring Boot, MySQL"
Backend Developer,"Backend Developer with experience in Microservices, Java, MySQL, Spring Boot"
Backend Developer,"Backend Developer with experience in Spring Boot, MySQL, Java, Microservices"
Backend Developer,"Backend Developer with experience in Microservices, Spring Boot, Java, MySQL"
Backend Developer,"Backend Developer with experience in REST API, Spring Boot, Microservices, MySQL"
Backend Developer,"Backend Developer with experience in REST API, Microservices, Spring Boot, MySQL"
Backend Developer,"Backend Developer with experience in REST API, MySQL, Java, Spring Boot"
Backend Developer,"Backend Developer with experience in Spring Boot, Microservices, MySQL, Java"
Backend Developer,"Backend Developer with experience in Microservices, Spring Boot, Java, MySQL"
Backend Developer,"Backend Developer with experience in Java, REST API, MySQL, Microservices"
Backend Developer,"Backend Developer with experience in MySQL, Spring Boot, Microservices, Java"
Backend Developer,"Backend Developer with experience in Java, REST API, Spring Boot, MySQL"
Backend Developer,"Backend Developer with experience in Microservices, Spring Boot, MySQL, Java"
DevOps Engineer,"DevOps Engineer with experience in Terraform, Kubernetes, Docker, Azure"
DevOps Engineer,"DevOps Engineer with experience in Linux, CI/CD, Azure, Kubernetes"
DevOps Engineer,"DevOps Engineer with experience in Docker, Azure, Kubernetes, CI/CD"
DevOps Engineer,"DevOps Engineer with experience in Docker, Kubernetes, Azure, Terraform"
DevOps Engineer,"DevOps Engineer with experience in Linux, Terraform, Docker, Kubernetes"
DevOps Engineer,"DevOps Engineer with experience in Docker, Azure, Kubernetes, Terraform"
DevOps Engineer,"DevOps Engineer with experience in CI/CD, Kubernetes, Linux, Terraform"
DevOps Engineer,"DevOps Engineer with experience in Azure, CI/CD, Linux, Terraform"
DevOps Engineer,"DevOps Engineer with experience in Linux, Terraform, Kubernetes, CI/CD"
DevOps Engineer,"DevOps Engineer with experience in Kubernetes, Linux, Terraform, Azure"
DevOps Engineer,"DevOps Engineer with experience in Linux, Azure, Terraform, CI/CD"
DevOps Engineer,"DevOps Engineer with experience in Docker, Linux, Terraform, CI/CD"
DevOps Engineer,"DevOps Engineer with experience in Kubernetes, Linux, Terraform, CI/CD"
DevOps Engineer,"DevOps Engineer with experience in Kubernetes, Linux, CI/CD, Terraform"
DevOps Engineer,"DevOps Engineer with experience in Azure, Linux, Terraform, Kubernetes"
DevOps Engineer,"DevOps Engineer with experience in Azure, Kubernetes, Docker, CI/CD"
DevOps Engineer,"DevOps Engineer with experience in Terraform, Docker, Azure, Linux"
DevOps Engineer,"DevOps Engineer with experience in Docker, CI/CD, Linux, Azure"
DevOps Engineer,"DevOps Engineer with experience in Docker, CI/CD, Linux, Terraform"
DevOps Engineer,"DevOps Engineer with experience in Azure, Linux, CI/CD, Docker"
DevOps Engineer,"DevOps Engineer with experience in CI/CD, Docker, Terraform, Linux"
DevOps Engineer,"DevOps Engineer with experience in Terraform, Docker, Azure, CI/CD"
DevOps Engineer,"DevOps Engineer with experience in Azure, Kubernetes, Terraform, Linux"
DevOps Engineer,"DevOps Engineer with experience in Docker, Azure, CI/CD, Kubernetes"
DevOps Engineer,"DevOps Engineer with experience in CI/CD, Terraform, Kubernetes, Linux"
DevOps Engineer,"DevOps Engineer with experience in CI/CD, Linux, Terraform, Azure"
DevOps Engineer,"DevOps Engineer with experience in Kubernetes, CI/CD, Linux, Docker"
DevOps Engineer,"DevOps Engineer with experience in Terraform, Linux, Azure, CI/CD"
DevOps Engineer,"DevOps Engineer with experience in Docker, CI/CD, Azure, Linux"
DevOps Engineer,"DevOps Engineer with experience in Docker, CI/CD, Terraform, Kubernetes"
DevOps Engineer,"DevOps Engineer with experience in Linux, Terraform, Kubernetes, Docker"
DevOps Engineer,"DevOps Engineer with experience in Docker, Azure, Kubernetes, Linux"
DevOps Engineer,"DevOps Engineer with experience in Linux, CI/CD, Terraform, Azure"
DevOps Engineer,"DevOps Engineer with experience in Azure, Terraform, CI/CD, Linux"
DevOps Engineer,"DevOps Engineer with experience in Docker, CI/CD, Azure, Linux"
DevOps Engineer,"DevOps Engineer with experience in Kubernetes, Docker, Linux, CI/CD"
DevOps Engineer,"DevOps Engineer with experience in Docker, CI/CD, Linux, Azure"
DevOps Engineer,"DevOps Engineer with experience in Azure, Linux, Docker, Kubernetes"
DevOps Engineer,"DevOps Engineer with experience in Terraform, CI/CD, Azure, Docker"
DevOps Engineer,"DevOps Engineer with experience in Terraform, Linux, Azure, Kubernetes"
DevOps Engineer,"DevOps Engineer with experience in Azure, Docker, Terraform, Kubernetes"
DevOps Engineer,"DevOps Engineer with experience in CI/CD, Linux, Docker, Kubernetes"
DevOps Engineer,"DevOps Engineer with experience in Kubernetes, Docker, CI/CD, Terraform"
DevOps Engineer,"DevOps Engineer with experience in Kubernetes, Docker, CI/CD, Terraform"
DevOps Engineer,"DevOps Engineer with experience in Kubernetes, CI/CD, Terraform, Linux"
DevOps Engineer,"DevOps Engineer with experience in CI/CD, Docker, Terraform, Azure"
DevOps Engineer,"DevOps Engineer with experience in Docker, Kubernetes, Azure, Terraform"
DevOps Engineer,"DevOps Engineer with experience in Kubernetes, Linux, CI/CD, Azure"
DevOps Engineer,"DevOps Engineer with experience in Linux, Kubernetes, Azure, Terraform"
DevOps Engineer,"DevOps Engineer with experience in Docker, CI/CD, Azure, Linux"
DevOps Engineer,"DevOps Engineer with experience in CI/CD, Docker, Linux, Terraform"
DevOps Engineer,"DevOps Engineer with experience in Azure, Terraform, CI/CD, Linux"
DevOps Engineer,"DevOps Engineer with experience in Docker, Kubernetes, CI/CD, Terraform"
DevOps Engineer,"DevOps Engineer with experience in Linux, Kubernetes, Docker, Terraform"
DevOps Engineer,"DevOps Engineer with experience in Linux, Kubernetes, Azure, Docker"
DevOps Engineer,"DevOps Engineer with experience in Docker, Azure, Kubernetes, Linux"
DevOps Engineer,"DevOps Engineer with experience in Azure, Kubernetes, Terraform, Docker"
DevOps Engineer,"DevOps Engineer with experience in Linux, CI/CD, Docker, Terraform"
DevOps Engineer,"DevOps Engineer with experience in Kubernetes, Linux, CI/CD, Terraform"
DevOps Engineer,"DevOps Engineer with experience in CI/CD, Docker, Linux, Azure"
DevOps Engineer,"DevOps Engineer with experience in Docker, Kubernetes, Terraform, CI/CD"
DevOps Engineer,"DevOps Engineer with experience in Azure, CI/CD, Linux, Terraform"
DevOps Engineer,"DevOps Engineer with experience in Azure, Terraform, Docker, Linux"
DevOps Engineer,"DevOps Engineer with experience in CI/CD, Kubernetes, Docker, Azure"
DevOps Engineer,"DevOps Engineer with experience in Linux, Terraform, CI/CD, Azure"
DevOps Engineer,"DevOps Engineer with experience in Linux, CI/CD, Docker, Azure"
DevOps Engineer,"DevOps Engineer with experience in Kubernetes, Docker, Azure, CI/CD"
DevOps Engineer,"DevOps Engineer with experience in Linux, Azure, Kubernetes, CI/CD"
DevOps Engineer,"DevOps Engineer with experience in Terraform, Linux, Azure, Kubernetes"
DevOps Engineer,"DevOps Engineer with experience in Kubernetes, Terraform, Docker, CI/CD"
DevOps Engineer,"DevOps Engineer with experience in Terraform, Azure, Docker, Linux"
DevOps Engineer,"DevOps Engineer with experience in Docker, Linux, Kubernetes, CI/CD"
DevOps Engineer,"DevOps Engineer with experience in Azure, Docker, CI/CD, Linux"
DevOps Engineer,"DevOps Engineer with experience in Kubernetes, Terraform, Linux, Azure"
DevOps Engineer,"DevOps Engineer with experience in CI/CD, Linux, Azure, Terraform"
DevOps Engineer,"DevOps Engineer with experience in CI/CD, Kubernetes, Linux, Azure"
DevOps Engineer,"DevOps Engineer with experience in Docker, Kubernetes, CI/CD, Azure"
DevOps Engineer,"DevOps Engineer with experience in Linux, Terraform, CI/CD, Azure"
DevOps Engineer,"DevOps Engineer with experience in Docker, Terraform, Kubernetes, Azure"
DevOps Engineer,"DevOps Engineer with experience in Terraform, Linux, CI/CD, Docker"
DevOps Engineer,"DevOps Engineer with experience in Azure, Terraform, Linux, CI/CD"
DevOps Engineer,"DevOps Engineer with experience in CI/CD, Terraform, Azure, Linux"
DevOps Engineer,"DevOps Engineer with experience in Terraform, Linux, Kubernetes, Azure"
DevOps Engineer,"DevOps Engineer with experience in Terraform, Azure, Docker, Kubernetes"
DevOps Engineer,"DevOps Engineer with experience in Docker, Kubernetes, CI/CD, Azure"
DevOps Engineer,"DevOps Engineer with experience in CI/CD, Linux, Terraform, Docker"
DevOps Engineer,"DevOps Engineer with experience in Docker, Azure, Linux, CI/CD"
DevOps Engineer,"DevOps Engineer with experience in Terraform, Kubernetes, Docker, Linux"
DevOps Engineer,"DevOps Engineer with experience in CI/CD, Terraform, Kubernetes, Linux"
DevOps Engineer,"DevOps Engineer with experience in Azure, Docker, Kubernetes, Linux"
DevOps Engineer,"DevOps Engineer with experience in Azure, Linux, Docker, Kubernetes"
DevOps Engineer,"DevOps Engineer with experience in Linux, Terraform, Azure, Docker"
DevOps Engineer,"DevOps Engineer with experience in Docker, Linux, Kubernetes, Terraform"
DevOps Engineer,"DevOps Engineer with experience in Docker, CI/CD, Terraform, Linux"
DevOps Engineer,"DevOps Engineer with experience in Kubernetes, Linux, CI/CD, Docker"
DevOps Engineer,"DevOps Engineer with experience in Terraform, Docker, Kubernetes, Linux"
DevOps Engineer,"DevOps Engineer with experience in Linux, Kubernetes, Terraform, CI/CD"
DevOps Engineer,"DevOps Engineer with experience in Linux, Kubernetes, Docker, CI/CD"
DevOps Engineer,"DevOps Engineer with experience in Azure, CI/CD, Kubernetes, Terraform"
DevOps Engineer,"DevOps Engineer with experience in Terraform, Docker, Linux, CI/CD"
DevOps Engineer,"DevOps Engineer with experience in Kubernetes, Docker, Terraform, Linux"
DevOps Engineer,"DevOps Engineer with experience in Docker, CI/CD, Linux, Azure"
DevOps Engineer,"DevOps Engineer with experience in Docker, Kubernetes, Azure, CI/CD"
DevOps Engineer,"DevOps Engineer with experience in Docker, CI/CD, Azure, Kubernetes"
DevOps Engineer,"DevOps Engineer with experience in Terraform, Azure, CI/CD, Docker"
DevOps Engineer,"DevOps Engineer with experience in Terraform, Azure, Docker, CI/CD"
DevOps Engineer,"DevOps Engineer with experience in Linux, Docker, Terraform, CI/CD"
DevOps Engineer,"DevOps Engineer with experience in Terraform, Azure, Linux, Kubernetes"
DevOps Engineer,"DevOps Engineer with experience in Linux, Terraform, Docker, Kubernetes"
DevOps Engineer,"DevOps Engineer with experience in CI/CD, Terraform, Kubernetes, Docker"
DevOps Engineer,"DevOps Engineer with experience in Linux, Docker, Terraform, Azure"
DevOps Engineer,"DevOps Engineer with experience in CI/CD, Terraform, Azure, Linux"
DevOps Engineer,"DevOps Engineer with experience in CI/CD, Docker, Linux, Azure"
DevOps Engineer,"DevOps Engineer with experience in Docker, Azure, Terraform, CI/CD"
DevOps Engineer,"DevOps Engineer with experience in Azure, Docker, Kubernetes, Terraform"
DevOps Engineer,"DevOps Engineer with experience in CI/CD, Kubernetes, Linux, Docker"
DevOps Engineer,"DevOps Engineer with experience in CI/CD, Azure, Kubernetes, Docker"
DevOps Engineer,"DevOps Engineer with experience in Kubernetes, Azure, Linux, Docker"
DevOps Engineer,"DevOps Engineer with experience in Linux, Kubernetes, Docker, Terraform"
DevOps Engineer,"DevOps Engineer with experience in Docker, Kubernetes, CI/CD, Terraform"
DevOps Engineer,"DevOps Engineer with experience in CI/CD, Linux, Docker, Kubernetes"
DevOps Engineer,"DevOps Engineer with experience in CI/CD, Kubernetes, Docker, Terraform"
DevOps Engineer,"DevOps Engineer with experience in Linux, Azure, Docker, Kubernetes"
DevOps Engineer,"DevOps Engineer with experience in Docker, Linux, Azure, CI/CD"
DevOps Engineer,"DevOps Engineer with experience in CI/CD, Docker, Terraform, Kubernetes"
DevOps Engineer,"DevOps Engineer with experience in Docker, Terraform, CI/CD, Azure"
DevOps Engineer,"DevOps Engineer with experience in Terraform, Kubernetes, Linux, Azure"
DevOps Engineer,"DevOps Engineer with experience in CI/CD, Azure, Linux, Terraform"
DevOps Engineer,"DevOps Engineer with experience in CI/CD, Azure, Docker, Kubernetes"
DevOps Engineer,"DevOps Engineer with experience in Terraform, Docker, Kubernetes, CI/CD"
DevOps Engineer,"DevOps Engineer with experience in Azure, Terraform, Kubernetes, CI/CD"
DevOps Engineer,"DevOps Engineer with experience in Terraform, Kubernetes, Azure, Linux"
DevOps Engineer,"DevOps Engineer with experience in Terraform, CI/CD, Docker, Kubernetes"
DevOps Engineer,"DevOps Engineer with experience in Linux, Terraform, Docker, Kubernetes"
DevOps Engineer,"DevOps Engineer with experience in Linux, Azure, CI/CD, Docker"
DevOps Engineer,"DevOps Engineer with experience in Azure, Terraform, Docker, Kubernetes"
DevOps Engineer,"DevOps Engineer with experience in Kubernetes, Docker, CI/CD, Terraform"
DevOps Engineer,"DevOps Engineer with experience in Linux, CI/CD, Docker, Kubernetes"
DevOps Engineer,"DevOps Engineer with experience in Linux, CI/CD, Docker, Terraform"
DevOps Engineer,"DevOps Engineer with experience in Docker, Linux, CI/CD, Terraform"
DevOps Engineer,"DevOps Engineer with experience in Azure, Kubernetes, Linux, CI/CD"
DevOps Engineer,"DevOps Engineer with experience in CI/CD, Azure, Kubernetes, Terraform"
DevOps Engineer,"DevOps Engineer with experience in Terraform, Kubernetes, CI/CD, Linux"
DevOps Engineer,"DevOps Engineer with experience in Docker, CI/CD, Terraform, Linux"
DevOps Engineer,"DevOps Engineer with experience in Docker, Kubernetes, CI/CD, Linux"
DevOps Engineer,"DevOps Engineer with experience in Azure, Terraform, Kubernetes, Docker"
DevOps Engineer,"DevOps Engineer with experience in Kubernetes, Linux, CI/CD, Azure"
DevOps Engineer,"DevOps Engineer with experience in CI/CD, Kubernetes, Terraform, Docker"
DevOps Engineer,"DevOps Engineer with experience in Terraform, Linux, Azure, CI/CD"
DevOps Engineer,"DevOps Engineer with experience in Docker, CI/CD, Linux, Azure"
DevOps Engineer,"DevOps Engineer with experience in Linux, Kubernetes, CI/CD, Azure"
DevOps Engineer,"DevOps Engineer with experience in Docker, Kubernetes, Terraform, Azure"
DevOps Engineer,"DevOps Engineer with experience in Terraform, Linux, Azure, Docker"
DevOps Engineer,"DevOps Engineer with experience in Kubernetes, Linux, CI/CD, Docker"
DevOps Engineer,"DevOps Engineer with experience in Linux, Docker, Terraform, Kubernetes"
DevOps Engineer,"DevOps Engineer with experience in CI/CD, Azure, Terraform, Kubernetes"
DevOps Engineer,"DevOps Engineer with experience in Terraform, Kubernetes, CI/CD, Linux"
DevOps Engineer,"DevOps Engineer with experience in Azure, Kubernetes, Terraform, Docker"
DevOps Engineer,"DevOps Engineer with experience in CI/CD, Terraform, Docker, Kubernetes"
DevOps Engineer,"DevOps Engineer with experience in Kubernetes, Azure, Linux, Docker"
DevOps Engineer,"DevOps Engineer with experience in Terraform, CI/CD, Linux, Docker"
DevOps Engineer,"DevOps Engineer with experience in Docker, Linux, CI/CD, Terraform"
DevOps Engineer,"DevOps Engineer with experience in Kubernetes, Docker, CI/CD, Azure"
DevOps Engineer,"DevOps Engineer with experience in CI/CD, Linux, Docker, Kubernetes"
DevOps Engineer,"DevOps Engineer with experience in Terraform, Azure, Docker, CI/CD"
DevOps Engineer,"DevOps Engineer with experience in Linux, Azure, Docker, Kubernetes"
DevOps Engineer,"DevOps Engineer with experience in Terraform, Azure, CI/CD, Linux"
DevOps Engineer,"DevOps Engineer with experience in Linux, Kubernetes, Docker, Terraform"
DevOps Engineer,"DevOps Engineer with experience in CI/CD, Docker, Azure, Linux"
DevOps Engineer,"DevOps Engineer with experience in Docker, CI/CD, Azure, Terraform"
DevOps Engineer,"DevOps Engineer with experience in Terraform, Kubernetes, Linux, Azure"
DevOps Engineer,"DevOps Engineer with experience in Linux, CI/CD, Docker, Azure"
DevOps Engineer,"DevOps Engineer with experience in Azure, Docker, Kubernetes, Terraform"
DevOps Engineer,"DevOps Engineer with experience in Docker, CI/CD, Azure, Linux"
DevOps Engineer,"DevOps Engineer with experience in Kubernetes, Azure, Terraform, Docker"
DevOps Engineer,"DevOps Engineer with experience in Kubernetes, Azure, Terraform, Docker"
DevOps Engineer,"DevOps Engineer with experience in Docker, Terraform, CI/CD, Linux"
DevOps Engineer,"DevOps Engineer with experience in Linux, Terraform, Docker, CI/CD"
DevOps Engineer,"DevOps Engineer with experience in Terraform, Linux, Docker, Kubernetes"
DevOps Engineer,"DevOps Engineer with experience in Terraform, Kubernetes, Docker, Linux"
DevOps Engineer,"DevOps Engineer with experience in CI/CD, Linux, Terraform, Docker"
DevOps Engineer,"DevOps Engineer with experience in CI/CD, Terraform, Docker, Azure"
DevOps Engineer,"DevOps Engineer with experience in Kubernetes, Linux, Docker, Terraform"
DevOps Engineer,"DevOps Engineer with experience in CI/CD, Terraform, Docker, Linux"
DevOps Engineer,"DevOps Engineer with experience in Terraform, CI/CD, Azure, Docker"
DevOps Engineer,"DevOps Engineer with experience in Docker, CI/CD, Kubernetes, Linux"
DevOps Engineer,"DevOps Engineer with experience in Azure, CI/CD, Docker, Linux"
DevOps Engineer,"DevOps Engineer with experience in Linux, CI/CD, Azure, Kubernetes"
DevOps Engineer,"DevOps Engineer with experience in CI/CD, Docker, Azure, Terraform"
DevOps Engineer,"DevOps Engineer with experience in Kubernetes, CI/CD, Docker, Azure"
DevOps Engineer,"DevOps Engineer with experience in CI/CD, Kubernetes, Docker, Linux"
DevOps Engineer,"DevOps Engineer with experience in Linux, CI/CD, Kubernetes, Terraform"
DevOps Engineer,"DevOps Engineer with experience in Azure, Terraform, CI/CD, Linux"
DevOps Engineer,"DevOps Engineer with experience in Terraform, Kubernetes, CI/CD, Linux"
DevOps Engineer,"DevOps Engineer with experience in Azure, CI/CD, Terraform, Docker"
DevOps Engineer,"DevOps Engineer with experience in Linux, Azure, Kubernetes, Docker"
DevOps Engineer,"DevOps Engineer with experience in Kubernetes, Azure, CI/CD, Docker"
DevOps Engineer,"DevOps Engineer with experience in Docker, CI/CD, Azure, Terraform"
DevOps Engineer,"DevOps Engineer with experience in Linux, Terraform, CI/CD, Docker"
DevOps Engineer,"DevOps Engineer with experience in Azure, Linux, Docker, Kubernetes"
DevOps Engineer,"DevOps Engineer with experience in Terraform, Azure, Linux, Docker"
DevOps Engineer,"DevOps Engineer with experience in Kubernetes, Azure, Linux, CI/CD"
DevOps Engineer,"DevOps Engineer with experience in Kubernetes, Terraform, Linux, CI/CD"
DevOps Engineer,"DevOps Engineer with experience in Terraform, Kubernetes, Linux, Azure"
DevOps Engineer,"DevOps Engineer with experience in Docker, Kubernetes, Azure, Terraform"
DevOps Engineer,"DevOps Engineer with experience in Azure, Kubernetes, Docker, CI/CD"
DevOps Engineer,"DevOps Engineer with experience in CI/CD, Kubernetes, Terraform, Docker"
DevOps Engineer,"DevOps Engineer with experience in Kubernetes, Linux, CI/CD, Terraform"
DevOps Engineer,"DevOps Engineer with experience in Azure, Kubernetes, Linux, Terraform"
DevOps Engineer,"DevOps Engineer with experience in Azure, CI/CD, Docker, Linux"
DevOps Engineer,"DevOps Engineer with experience in Docker, Linux, Azure, Kubernetes"
DevOps Engineer,"DevOps Engineer with experience in Docker, Azure, Kubernetes, CI/CD"
DevOps Engineer,"DevOps Engineer with experience in CI/CD, Linux, Docker, Azure"
DevOps Engineer,"DevOps Engineer with experience in Azure, Terraform, Linux, Docker"
DevOps Engineer,"DevOps Engineer with experience in Azure, Terraform, Docker, CI/CD"
DevOps Engineer,"DevOps Engineer with experience in Azure, Linux, Terraform, Docker"
DevOps Engineer,"DevOps Engineer with experience in Kubernetes, Linux, CI/CD, Docker"
DevOps Engineer,"DevOps Engineer with experience in Azure, CI/CD, Docker, Kubernetes"
DevOps Engineer,"DevOps Engineer with experience in Kubernetes, CI/CD, Docker, Terraform"
DevOps Engineer,"DevOps Engineer with experience in CI/CD, Azure, Docker, Terraform"
DevOps Engineer,"DevOps Engineer with experience in Azure, Kubernetes, CI/CD, Docker"
DevOps Engineer,"DevOps Engineer with experience in Docker, Terraform, Linux, Kubernetes"
DevOps Engineer,"DevOps Engineer with experience in Azure, Terraform, Docker, CI/CD"
DevOps Engineer,"DevOps Engineer with experience in Kubernetes, Terraform, CI/CD, Linux"
DevOps Engineer,"DevOps Engineer with experience in Docker, Terraform, CI/CD, Linux"
DevOps Engineer,"DevOps Engineer with experience in Kubernetes, CI/CD, Azure, Terraform"
DevOps Engineer,"DevOps Engineer with experience in Azure, Docker, Linux, Kubernetes"
DevOps Engineer,"DevOps Engineer with experience in Azure, Kubernetes, Terraform, Docker"
DevOps Engineer,"DevOps Engineer with experience in Terraform, CI/CD, Azure, Linux"
DevOps Engineer,"DevOps Engineer with experience in Azure, Terraform, Docker, CI/CD"
DevOps Engineer,"DevOps Engineer with experience in Azure, Terraform, Linux, Docker"
DevOps Engineer,"DevOps Engineer with experience in Docker, Azure, CI/CD, Linux"
DevOps Engineer,"DevOps Engineer with experience in Azure, Kubernetes, CI/CD, Linux"
DevOps Engineer,"DevOps Engineer with experience in Docker, Terraform, Azure, CI/CD"
DevOps Engineer,"DevOps Engineer with experience in Terraform, Kubernetes, Docker, Linux"
DevOps Engineer,"DevOps Engineer with experience in Docker, Azure, Kubernetes, CI/CD"
DevOps Engineer,"DevOps Engineer with experience in Terraform, Kubernetes, Linux, CI/CD"
DevOps Engineer,"DevOps Engineer with experience in Docker, Linux, CI/CD, Azure"
DevOps Engineer,"DevOps Engineer with experience in Azure, Linux, Terraform, Kubernetes"
DevOps Engineer,"DevOps Engineer with experience in Terraform, Azure, CI/CD, Docker"
DevOps Engineer,"DevOps Engineer with experience in Linux, CI/CD, Kubernetes, Azure"
DevOps Engineer,"DevOps Engineer with experience in Linux, Docker, Azure, Terraform"
DevOps Engineer,"DevOps Engineer with experience in Azure, Kubernetes, Terraform, CI/CD"
DevOps Engineer,"DevOps Engineer with experience in Kubernetes, Docker, Azure, CI/CD"
DevOps Engineer,"DevOps Engineer with experience in Kubernetes, CI/CD, Azure, Terraform"
DevOps Engineer,"DevOps Engineer with experience in Docker, Azure, Kubernetes, Linux"
DevOps Engineer,"DevOps Engineer with experience in Azure, Kubernetes, CI/CD, Linux"
DevOps Engineer,"DevOps Engineer with experience in Terraform, Kubernetes, Azure, CI/CD"
DevOps Engineer,"DevOps Engineer with experience in Azure, Kubernetes, Terraform, CI/CD"
DevOps Engineer,"DevOps Engineer with experience in CI/CD, Kubernetes, Docker, Linux"
